iter,error_azimuth_deg_mean,error_azimuth_deg_std,error_elevation_deg_mean,error_elevation_deg_std,error_tilt_deg_mean,error_tilt_deg_std
10000,69.7975508704,59.405990435,3.68701729044,3.97967716761,2.99353257593,3.03311554351
20000,54.3684270356,59.3417671703,3.77182801924,4.05160540889,2.8869087459,2.94959590142
30000,57.2528155931,62.7571792229,3.82704832797,4.04112730041,2.82843944789,2.82835972763
40000,44.8714447668,56.7072649417,3.5029782092,3.92910581942,2.69263703303,2.76738888321
50000,42.9783596479,56.9580822049,3.53026548243,3.92342970142,2.68426599315,2.78943264722
60000,43.6122466403,57.4815798341,3.53216784968,3.88409303989,2.6650173988,2.75909953074
70000,41.3004067638,55.6506136437,3.47418360393,3.89217859327,2.66697739398,2.77247800528
80000,41.8027515096,56.1948726873,3.48954019394,3.89138858987,2.67196603721,2.79322600517
90000,41.94154784,56.2953981277,3.47172684267,3.88710847116,2.66566082525,2.78886443163
