iter,accuracy_azimuth,accuracy_elevation,accuracy_tilt,error_azimuth,error_elevation,error_tilt
10000,0.433393069653,0.870445041887,0.908602150965,21.8761282087,0.953763102331,1.48806020393
20000,0.436081241643,0.860215054618,0.914127835663,22.3475225254,0.977158439629,1.48521970122
30000,0.428912782274,0.876642772587,0.88903823292,23.2372298924,0.938529028687,1.49268597514
40000,0.435483870647,0.880824374042,0.907258064302,21.2038038811,0.9354947799,1.48883086464
50000,0.43727598374,0.877165471781,0.906511349917,21.3204052017,0.942972869856,1.48723498425
60000,0.43570788445,0.877688172043,0.905465949607,21.297757397,0.941502153233,1.48762254518
70000,0.435259856898,0.877165471995,0.905540620982,21.2937124198,0.942693359963,1.48711108392
80000,0.435483870968,0.876866786283,0.906137992191,21.2703092393,0.943002826424,1.48774609942
90000,0.435334527685,0.877016129032,0.905839306479,21.2820149455,0.94304435313,1.48812506276
